[
  {
    "name": "John Smith",
    "occupation": "Entrepreneur",
    "image" :"https://cdn.pixabay.com/photo/2014/04/02/14/11/male-306408_640.png",
    "testimonial": "Working with this company has been a game-changer for my business. Their expertise and professionalism have helped me achieve outstanding results. I highly recommend their services."
  },
  {
    "name": "Emily Johnson",
    "occupation": "Marketing Manager",
    "image" :"https://cdn.pixabay.com/photo/2014/03/25/16/24/female-296990_640.png",
    "testimonial": "I am incredibly impressed with the quality of work delivered by this team. They understand our goals and consistently deliver exceptional results. Their attention to detail and level of customer service are unmatched."
  },
  {
    "name": "Sarah Thompson",
    "occupation": "Graphic Designer",
    "image" :"https://cdn.pixabay.com/photo/2012/04/26/19/43/profile-42914_640.png",
    "testimonial": "I have had the pleasure of collaborating with this company on multiple design projects. Their creativity and ability to bring ideas to life are truly remarkable. I'm extremely satisfied with the final outcomes and look forward to future collaborations."
  },
  {
    "name": "Michael Adams",
    "occupation": "Small Business Owner",
    "image" :"./image/test1.png",
    "testimonial": "Choosing this company was one of the best decisions I've made for my business. They have a deep understanding of our industry and have helped us stay ahead of the competition. Their dedication and commitment to delivering results are outstanding."
  }
]
